Feature ID,Feature Name,User Story,Expected Behaviour,Edge Cases,Test Cases,Current Status,Defect Count,Severity,Notes,Last Tested Date
KIT-MARK-001,Mark identity & naming invariants,As a host integrator I need the kit to declare brand identity so ports never invent a mascot name.,mark.json declares version versioned string; name 'Mininja mark'; owner 'Thingscorp LLC'; mascotNamed===false; forbiddenNames includes 'Casque'. Glyphs ARE the mark.,Any truthy mascotNamed; missing Casque in forbiddenNames; inventing alternate personal names in host copy.,TC-KIT-MARK-001a; TC-KIT-MARK-001b; TC-KIT-MARK-001c; TC-KIT-MARK-001d,Tested,0,n/a,check-consumers enforces mascotNamed + Casque. Never name the mascot.,2026-09-25
KIT-MARK-002,5×3 glyph grid construction,As a designer I need a fixed cell grid so every face stays on the same lockup metric.,grid.columns=5 rows=3 cellAspect='1:1' totalCells=15. Canonical lines are exactly 5 cells × 3 rows.,Non-square cells; lines with wrong cell count; redrawing mark as bitmap substitute.,TC-KIT-MARK-002a; TC-KIT-MARK-002b; TC-KIT-MARK-002c,Tested,0,n/a,Narrated by CONSTRUCTION.md / STYLEGUIDE; numbers only in mark.json.,2026-09-25
KIT-MARK-003,Unicode codepoints catalog,As an adapter author I need the hood/block codepoints listed so renderers do not invent glyphs.,codepoints lists hoodCornerRightFacing U+259A; hoodCornerLeftFacing U+259E; fullBlock U+2588; upperHalfBlock U+2580; space U+0020.,Substituting similar box-drawing; omitting mirrored corner for left-facing.,TC-KIT-MARK-003a; TC-KIT-MARK-003b; TC-KIT-MARK-003c,Tested,0,n/a,Eyes/state glyphs live under faces not codepoints.,2026-09-25
KIT-MARK-004,Canonical idle lockup,As a stranger porting Mininja I need a single idle lockup I can ship in ~60s.,canonicalIdle.lines is the default three-line right-facing lockup; note states glyphs ARE the mark.,Empty lines; diverging from faces.idle.lines; treating SVG as SoT.,TC-KIT-MARK-004a; TC-KIT-MARK-004b,Tested,0,n/a,Presence ladder level 1 mark-only needs canonicalIdle.,2026-09-25
KIT-MARK-005,Mirrored idle / left-facing lockup,As a scoot host I need a left-facing body so loadingLeft and facing-left work without redrawing.,mirroredIdle.lines is left-facing body; usedBy includes loadingLeft and facing-left. faces.loadingLeft.mirrored===true.,Mirroring eyes only without body; using right hood on left face.,TC-KIT-MARK-005a; TC-KIT-MARK-005b; TC-KIT-MARK-005c,Tested,0,n/a,Presence ladder level 3 scoot-facing needs mirroredIdle.,2026-09-25
KIT-MARK-006,Clearspace & minimum size,As a brand reproducer I need clearspace and min size numbers from kit not brand prose inventing them.,clearspace.rule one block-row height; asFractionOfHeight≈1/3. minimumSize.digitalPxHeight=24 terminalRows=3 minCellPx=8.,Shrinking below 24px digital; ignoring terminal 3-row floor.,TC-KIT-MARK-006a; TC-KIT-MARK-006b; TC-KIT-MARK-006c,Tested,0,n/a,Docs narrate; kit holds numbers.,2026-09-25
KIT-MARK-007,Monochrome mark + UI-only mood colors,As a UI host I may tint chrome with mood colors but must keep the mark fill monochrome.,monochrome===true. moodColorsUiOnly keys idle/accent/ok/warn/err with hex #334155 #6366f1 #22c55e #eab308 #ef4444. Face tones use those five ids.,Painting mark fill from mood hex; inventing parallel mood table; treating muted as mark moodColorsUiOnly key.,TC-KIT-MARK-007a; TC-KIT-MARK-007b; TC-KIT-MARK-007c,Tested,0,n/a,STYLEGUIDE: muted is optional host/scene tone; scene emotions use muted. Recipe then.mood.tone should stay recipe-compatible with tone ids.,2026-09-25
KIT-MARK-008,Face catalog (15 expression states),As a creature host I need the closed set of face ids with eyes/tone/motion/mirrored/lines.,faces object has exactly 15 keys: idle blink evaluating allowed asking denied sandboxing executing completed warning error cancelled offline loadingRight loadingLeft. Each has eyes[2] tone motion mirrored lines[3].,Unknown face id (adapters fall back to idle); firing blink as a response face; inventing parallel face tables in hosts.,TC-KIT-MARK-008a; TC-KIT-MARK-008b; TC-KIT-MARK-008c,Tested,0,n/a,Recipe then.face targets these ids. Demotion of recipes ≠ remove face vocabulary.,2026-09-25
KIT-MARK-009,Presence ladder (mark→faces→scoot→scene),As a porter I need an explicit ladder so I can ship mark-only without dragging scene.,presenceLadder levels 1 mark-only (canonicalIdle); 2 face-states (faces); 3 scoot-facing (faces+mirroredIdle); 4 scene-strip (kit/scene.json).,Skipping to scene without documenting layer; claiming scene required for first face.,TC-KIT-MARK-009a; TC-KIT-MARK-009b; TC-KIT-MARK-009c,Tested,0,n/a,PORTING.md narrates; ladder data in mark.json.,2026-09-25
KIT-SCENE-001,Scene geometry SoT,As a habitat host I need exact strip math so camera/rest points do not drift.,geometry.stageWidthPx=420 stageCount=7 worldWidthPx=2940 anchorRatio=0.42 restOffsetPx=176.4; formulas for stageOrigin restPoint worldWidth.,Inserting 8th stage without updating N/L; using 0.5W rest; dual STAGE_WIDTH constant.,TC-KIT-SCENE-001a; TC-KIT-SCENE-001b; TC-KIT-SCENE-001c,Tested,0,n/a,Console must align; check-consumers asserts. Apps UI not kit-owned.,2026-09-25
KIT-SCENE-002,Default scene intent,As a runner I need stock defaults when no intent is applied.,defaultScene emotion=idle action=idle stage=dock facing=right line='' intensity=1 holdMs=0.,Teleporting unknown stage; empty emotion.,TC-KIT-SCENE-002a; TC-KIT-SCENE-002b; TC-KIT-SCENE-002c,Tested,0,n/a,Matches TERMINAL-MOTION defaults.,2026-09-25
KIT-SCENE-003,Motion constants,As a locomotion host I need walk/run/patrol/camera/step numbers from kit.,motion includes walkPxPerSec=170 runPxPerSec=280 patrolPxPerSec=26 arriveEpsilonPx=6 patrol insets/span camera look-aheads follow rate step periods dtClamp adjacentStageWalk/RunSec fullPatrolSec.,Inlining divergent speeds in banner; ignoring reduced-motion host policy (host not kit).,TC-KIT-SCENE-003a; TC-KIT-SCENE-003b; TC-KIT-SCENE-003c,Tested,0,n/a,check-consumers asserts console walk/run + camera ratios.,2026-09-25
KIT-SCENE-004,Weather enum (habitat chrome),As a scenery host I need the closed weather set for stage atmosphere only.,weather array: clear haze night sparks scan rain. Stage.weather must be one of these. Weather never recolors the mark; not external automation.,Using rain as recipe weather-from-world; inventing fog; painting eyes from weather.,TC-KIT-SCENE-004a; TC-KIT-SCENE-004b; TC-KIT-SCENE-004c,Tested,0,n/a,PASS vs SCENERY: rain documented as overlay-only. Recipes later plate ≠ scene weather.,2026-09-25
KIT-SCENE-005,Prop kinds closed set,As a décor author I need the closed propKind vocabulary including garden repoBranch.,propKinds: block shelf lamp crate screen antenna moon barrier cable repoBranch. Stock stage props only use kinds in set.,Inventing chair/desk kinds silently; placing repoBranch without growth schema awareness.,TC-KIT-SCENE-005a; TC-KIT-SCENE-005b; TC-KIT-SCENE-005c,Tested,0,n/a,repoBranch intentional unused in stock stages (overlay).,2026-09-25
KIT-SCENE-006,Seven-stage strip catalog,As a habitat host I need the seven rooms nightwatch→rooftop with geometry props and weather.,stages[7] ids nightwatch dock desk workshop archives gate rooftop; each has index id label hint x width center weather props[]. Geometry consistent with stageWidthPx.,Renaming stage ids (breaks recipe/command maps); shifting x without updating worldWidth.,TC-KIT-SCENE-006a; TC-KIT-SCENE-006b; TC-KIT-SCENE-006c,Tested,0,n/a,archives never in legacyFaceBridge — not an orphan; habitat vocabulary for look/pgeon. Recipe-compatible stage ids.,2026-09-25
KIT-SCENE-007,Emotion catalog (16),As a scene author I need emotion ids with tone/eyes/motion/hint for SceneIntent.emotion.,emotions[16]: idle curious focused happy proud mischievous worried confused startled embarrassed frustrated determined relieved sleepy alert sad.,Unknown emotion → fallbacks.unknownEmotion=curious; inventing parallel emotion tables.,TC-KIT-SCENE-007a; TC-KIT-SCENE-007b; TC-KIT-SCENE-007c,Tested,0,n/a,Unbridged emotions alert/relieved/sad/startled are intentional habitat vocab (not orphans). muted tone used by some emotions.,2026-09-25
KIT-SCENE-008,Action catalog (22),As a scene author I need action ids with motion/pose/fx/hint for SceneIntent.action and presence data-motion.,actions[22]: idle blink walk run think scan type read point wave jump crouch lookBack celebrate shakeHead nod search wait sleep carry peek climb.,Unknown action → fallbacks.unknownAction=wait; inventing parallel motion expression unions in adapters.,TC-KIT-SCENE-008a; TC-KIT-SCENE-008b; TC-KIT-SCENE-008c,Tested,0,n/a,Recipe-compatible: then.action and data-motion share action ids. Unbridged actions are habitat expansion.,2026-09-25
KIT-SCENE-009,Legacy face bridge (15 faces → scene intents),As a host still emitting compact face ids I need a deterministic map into emotion/action/stage/facing.,legacyFaceBridge keys === mark.faces keys (15). Values reference valid emotion/action and optional stage/facing. No orphan faces or bridge keys.,Face id with missing emotion target; doc claiming dock stage for idle/blink while kit omits stage.,TC-KIT-SCENE-009a; TC-KIT-SCENE-009b; TC-KIT-SCENE-009c; TC-KIT-SCENE-009d,Tested,0,n/a,DEFECT-DOC-001 Fixed 2026-09-25: TERMINAL-MOTION idle/blink stage=— (keep-current); kit legacyFaceBridge omits stage. Prefer doc fix; kit untouched.,2026-09-25
KIT-SCENE-010,Scene fallbacks,As a runner I need safe behavior for unknown ids without crashing the buddy UI.,fallbacks.unknownEmotion=curious; unknownAction=wait; unknownStage='keep-current'.,Teleporting to fake stage; crashing on unknown recipe face (runners warn only — design).,TC-KIT-SCENE-010a; TC-KIT-SCENE-010b; TC-KIT-SCENE-010c,Tested,0,n/a,Aligned with TERMINAL-MOTION + RECIPES unknown-id guidance.,2026-09-25
KIT-GARDEN-001,Garden growth scale 0..5,As a host overlaying repos-as-branches I need an integer growth scale with labels.,garden.metaphor repos-as-growing-branches; propKind repoBranch; growth min=0 max=5 type=integer default=0; steps seed sprout sapling young branching canopy.,Non-integer growth; values outside 0..5; dual growth tables beside kit.,TC-KIT-GARDEN-001a; TC-KIT-GARDEN-001b; TC-KIT-GARDEN-001c,Tested,0,n/a,Recipe then.growth design targets this field; growth ≠ weather ≠ mark fill.,2026-09-25
KIT-GARDEN-002,Garden silhouette height map,As a renderer I need recommended h(g)=h0+g*dh for repoBranch silhouettes.,silhouetteHeightPx formula h(g)=h0+g*dh; h0Px=12 dhPx=12 → h(3)=48. Hosts may fork; authored prop h wins.,Using growth to paint mark fill; ignoring authored h.,TC-KIT-GARDEN-002a; TC-KIT-GARDEN-002b; TC-KIT-GARDEN-002c,Tested,0,n/a,scene.json 1.6.1 added this map.,2026-09-25
KIT-GARDEN-003,Garden propFields + no GitHub bridge,As a kit consumer I need the prop field contract and certainty kit never calls GitHub.,propFields.kind=repoBranch; required kind x y; optional w h growth label; growth omit→default. bridge.github=false.,Embedding GitHub tokens in kit; treating kit as live stats source.,TC-KIT-GARDEN-003a; TC-KIT-GARDEN-003b; TC-KIT-GARDEN-003c,Tested,0,n/a,Live stats = host overlay when recipes plate lands.,2026-09-25
KIT-RECIPE-001,Recipe-compatible vocabulary seams (later plate),As a future recipe runner I need face/action/stage/growth/mood ids to remain the shared brick vocabulary.,"Design-only in RECIPES.md. then may set face|action|stage|mood|growth. Face ids ⊂ mark.faces; stage/action ⊂ scene; growth 0..5 or {prop,value}. Not scene weather; not mark fill. v1 ships without recipe runner; demotion ≠ disconnection.",Orphaning face ids; inventing parallel expression tables in adapters; treating recipes as v1 hero.,TC-KIT-RECIPE-001a; TC-KIT-RECIPE-001b; TC-KIT-RECIPE-001c,Tested,0,n/a,Kit owns seams (ids); Apps would own runner UI later. Hold kit JSON churn.,2026-09-25
KIT-VAL-001,check-consumers gate,As a maintainer I need a fail-closed check that known consumers do not fork kit numbers.,node kit/check-consumers.mjs reads mark+scene; asserts mascot invariants; when console/ present asserts STAGE_WIDTH anchorRatio walk/run camera ratios no STAGE_SEED dual tables import kit/scene.json + registerFromKit habitat APIs and every propKind string. Never invents values.,Console absent → skip console asserts still OK; any mismatch → exit 1.,TC-KIT-VAL-001a; TC-KIT-VAL-001b; TC-KIT-VAL-001c,Tested,0,n/a,Recorded PASS at tip 22075e9: mark v1.6.0 scene v1.6.1 stages=7 console habitat aligned.,2026-09-25
KIT-VAL-002,Grid/habitat sim lock script,As a maintainer I need numeric cross-check of geometry motion garden vs docs.,scripts/sim-grid-habitat.py (sibling tool) locks geometry/motion/Monte Carlo/garden/doc↔kit; report scripts/sim-grid-habitat-report.json. Documented in CHANGELOG 1.6.1 + kit/README.,Docs inventing numbers not in kit.,TC-KIT-VAL-002a; TC-KIT-VAL-002b,Tested,0,n/a,Not under kit/ but kit-facing validation dependency.,2026-09-25
KIT-VER-001,Kit JSON versioning,As a consumer I need version fields to know which schema I loaded.,mark.json version 1.6.0; scene.json version 1.6.1 (garden.silhouetteHeightPx). CHANGELOG narrates bumps.,Bumping mark without faces/schema change; silent dual version in hosts.,TC-KIT-VER-001a; TC-KIT-VER-001b; TC-KIT-VER-001c,Tested,0,n/a,Unix: data only; version is metadata on the SoT files.,2026-09-25
KIT-DEP-001,Console registerFromKit / register* contract,As Apps I must load habitat catalogs from kit and expose registerEmotion/Action/Stage overlays — kit does not own console screens.,Consumer contract: console/src/lib/scene.ts imports kit/scene.json; registerFromKit seeds catalogs; registerEmotion/registerAction/registerStage/SceneIntent remain extension surface; LEGACY_INTENT from legacyFaceBridge; PropKind includes repoBranch + growth 0..5.,Reintroducing STAGE_SEED/EMOTION_SEED/ACTION_SEED dual tables; Casque strings; omitting propKind.,TC-KIT-DEP-001a; TC-KIT-DEP-001b; TC-KIT-DEP-001c,Tested,0,n/a,OUT OF SCOPE for kit ownership: register* UI screens. Documented as DEPENDENCY of kit exports.,2026-09-25
KIT-DEP-002,Adapters mark/ansi/react/presence consume mark+action ids,As a port author I use thin adapters that read kit data and emit strings/ANSI/React/presence attrs without forking tables.,adapters/mark from-kit: face→lines/eyes; unknown→idle; mergeMark overlay. ansi tones from mood. react data-face/stage/action/motion/state string ids. presence CSS keys subset of action ids.,Inventing wink as second face table without mergeMark; parallel motion unions.,TC-KIT-DEP-002a; TC-KIT-DEP-002b; TC-KIT-DEP-002c,Tested,0,n/a,Adapters are Unix filters; kit remains SoT. Recent tip fix: facing wins deep mergeMark.,2026-09-25
KIT-DEP-003,Brand markdown narration contract,As a reader I need root brand docs to narrate kit numbers without inventing parallel id tables.,BRAND/GARDEN/RECIPES/PORTING/SCENERY/STYLEGUIDE/TERMINAL-MOTION/CHANGELOG point at kit/mark.json + kit/scene.json as machine SoT; system-graph tip a31587a keeps recipe seams open.,Doc claim not in kit; kit id undocumented in graph docs.,TC-KIT-DEP-003a; TC-KIT-DEP-003b; TC-KIT-DEP-003c,Tested,0,n/a,See ID-VOCAB-REVIEW. DEFECT-DOC-001 Fixed (TERMINAL-MOTION — / keep-current). Kit JSON untouched.,2026-09-25
KIT-MARK-010,Face motion closed vocabulary,As an adapter author I need the closed set of face.motion values so hosts do not invent wink-timers as kit motions.,Every faces.*.motion is null|pulse|bounce|shake. Motion key always present (may be null). Blink uses motion null (host timer guidance only).,Inventing sway/hop on faces; treating auto-blink interval as kit constant.,TC-KIT-MARK-010a; TC-KIT-MARK-010b; TC-KIT-MARK-010c,Tested,0,n/a,STYLEGUIDE: auto-blink 6–14s is host guidance only. Face motions ≠ action motions ≠ emotion motions.,2026-09-25
KIT-SCENE-011,Emotion eyes/tone/optional-motion schema,As a scene author I need emotion records with eyes[2] tone hint and optional motion including muted tone.,emotions[].eyes length 2; tone ∈ idle|accent|ok|warn|err|muted; optional motion ∈ pulse|bounce|sway|shake; TERMINAL-MOTION catalog rows match kit eyes/tone/motion.,Treating muted as mark moodColorsUiOnly key; inventing emotion motion hop; doc eyes drifting from kit.,TC-KIT-SCENE-011a; TC-KIT-SCENE-011b; TC-KIT-SCENE-011c,Tested,0,n/a,Deepens KIT-SCENE-007. muted is scene/host tone only.,2026-09-25
KIT-SCENE-012,Action motion/pose/fx closed vocabularies,As a presence/CSS host I need closed action.motion pose fx sets so adapters do not invent parallel unions.,actions[].motion ∈ none|bob|pulse|sway|bounce|hop|shake; pose ∈ stand|lean|jump|crouch; fx ∈ none|think|scan|type|wave|spark|search|sleep. TERMINAL-MOTION action table matches kit.,Inventing fly pose; presence CSS motion id outside actions.,TC-KIT-SCENE-012a; TC-KIT-SCENE-012b; TC-KIT-SCENE-012c,Tested,0,n/a,Deepens KIT-SCENE-008. data-motion ids ⊂ action ids (not action.motion strings).,2026-09-25
KIT-SCENE-013,scene.source provenance,As a maintainer I need the historical extraction note without treating console as live SoT.,scene.source is a non-empty string referencing historical console scene.ts path; SCENERY/TERMINAL-MOTION state console is historical and must align to kit.,Treating console literals as SoT; deleting source without updating narrators.,TC-KIT-SCENE-013a; TC-KIT-SCENE-013b; TC-KIT-SCENE-013c,Tested,0,n/a,Metadata only; kit JSON remains live SoT.,2026-09-25
KIT-SCENE-014,Stock stage prop layout fields,As a décor renderer I need every stock prop to carry kind x y w h inside the stage strip.,Every stages[].props[] has kind∈propKinds and numeric x y w h; w h > 0; x within [0 stageWidthPx] band (soft). repoBranch still unused in stock.,Props missing geometry; negative sizes; inventing fields that replace growth schema.,TC-KIT-SCENE-014a; TC-KIT-SCENE-014b; TC-KIT-SCENE-014c,Tested,0,n/a,Complements KIT-SCENE-005/006. Garden overlay props may add growth/label.,2026-09-25
KIT-VAL-003,CI kit-qa workflow gate,As a maintainer I need GitHub Actions to run check-consumers + kit/qa/run-tests on push/PR.,`.github/workflows/kit-qa.yml` exists; runs node kit/check-consumers.mjs then node kit/qa/run-tests.mjs on Node 22; no app install matrix.,Deleting workflow; replacing with console-only CI that skips kit SoT.,TC-KIT-VAL-003a; TC-KIT-VAL-003b; TC-KIT-VAL-003c,Tested,0,n/a,Added Phase 4; matrixed Phase 6. Not an Apps UI pipeline.,2026-09-25
KIT-DEP-004,BRAND-RULES narration contract,As a brand reproducer I need BRAND-RULES.md to narrate clearspace/min-size/mood UI-only without inventing parallel numbers.,BRAND-RULES points at kit/mark.json moodColorsUiOnly; states mascot unnamed; clearspace one block-row; digital min 24px.,Inventing second clearspace fraction; naming the mascot; Casque as brand voice.,TC-KIT-DEP-004a; TC-KIT-DEP-004b; TC-KIT-DEP-004c,Tested,0,n/a,Was omitted from KIT-DEP-003 narrator list; Linear-minimal — no kit JSON churn.,2026-09-25
KIT-DEP-005,Adapter facing-wins contract,As a port author I need linesFor/lockup so desired facing always wins over faces.*.mirrored storage.,adapters/mark from-kit: facing left|right; idle+left uses mirroredIdle hood; loadingLeft+right yields canonicalIdle body; unknown face→idle.,Mirroring eyes only; treating mirrored:true as output facing.,TC-KIT-DEP-005a; TC-KIT-DEP-005b; TC-KIT-DEP-005c,Tested,0,n/a,PORTING facing-wins. Executable gap closed Phase 6; kit JSON untouched.,2026-09-25
KIT-SCENE-015,Geometry formula object SoT,As a habitat host I need explicit stageOrigin/restPoint/worldWidth formula strings in kit so docs do not invent rest math.,geometry.formula has stageOrigin restPoint worldWidth strings; stage x_i=i*W and c_i=x_i+restOffsetPx hold; worldWidth=N*W.,Encoding 0.5W rest in formula; inventing parallel formula keys; drifting stage.x from i*W.,TC-KIT-SCENE-015a; TC-KIT-SCENE-015b; TC-KIT-SCENE-015c,Tested,0,n/a,Deepens KIT-SCENE-001/006. Formula strings were present but never matrixed.,2026-09-25
KIT-SCENE-016,Motion derived timing identities,As a locomotion host I need patrolSpan and adjacent/full timing identities locked to speeds and W.,patrolSpanPx=W-insetL-insetR; adjacentStageWalkSec≈W/walk; adjacentStageRunSec≈W/run; fullPatrolSec≈span/patrol (one-way).,Storing round-trip 2*span/vp as fullPatrol; walk timing computed from run speed; dual timing tables in hosts.,TC-KIT-SCENE-016a; TC-KIT-SCENE-016b; TC-KIT-SCENE-016c,Tested,0,n/a,Mirrored in sim-grid-habitat; now executable in kit/qa too. No kit JSON churn.,2026-09-25
KIT-MARK-011,Face eyes slot embedded in lines,As a mark renderer I need eyes[2] to match the eye slot in lines[1] so glyphs ARE the mark.,Right-facing: lines[1] cols 4–5 === eyes; mirrored loadingLeft: cols 1–2 === eyes. Mid-row always 5 cells.,Eyes only in faces.eyes without lines; inventing eye columns outside CONSTRUCTION slot.,TC-KIT-MARK-011a; TC-KIT-MARK-011b; TC-KIT-MARK-011c,Tested,0,n/a,CONSTRUCTION narrates eye slot; Phase 6 missed executable parity.,2026-09-25
KIT-DEP-006,CONSTRUCTION.md narration contract,As a brand reproducer I need CONSTRUCTION to narrate grid/codepoints/canonical idle and point at kit/mark.json.,CONSTRUCTION.md points at kit/mark.json; narrates 5×3 U+259A/U+2588/canonical stack; mascot unnamed.,Inventing parallel codepoint table; omitting kit pointer while restating numbers.,TC-KIT-DEP-006a; TC-KIT-DEP-006b; TC-KIT-DEP-006c,Tested,1,low,DEFECT-DOC-003 Fixed this loop (added kit/mark.json Related pointer).,2026-09-25
KIT-DEP-007,kit/README.md SoT narration,As a porter I need kit/README to name mark+scene bricks and point at check-consumers + sim-grid.,kit/README.md lists mark.json/scene.json; garden brick; presence ladder; check-consumers + sim-grid-habitat; never Casque / no secrets.,Silent second constant tables; omitting alignment gates.,TC-KIT-DEP-007a; TC-KIT-DEP-007b; TC-KIT-DEP-007c,Tested,0,n/a,Was in ID-VOCAB narrators list but never matrixed as DEP feature.,2026-09-25
KIT-DEP-008,HABITAT-PORT SoT currency,As a maintainer I need the habitat port note to not claim dual STAGE_SEED or a stale kit version.,HABITAT-PORT points at kit/scene.json live version; narrates registerFromKit; forbids claiming console STAGE_SEED beside kit.,Hardcoding v1.5.0; claiming STAGE_SEED dual table as current monorepo SoT.,TC-KIT-DEP-008a; TC-KIT-DEP-008b; TC-KIT-DEP-008c,Tested,1,low,DEFECT-DOC-002 Fixed this loop (registerFromKit + live 1.6.1; no dual seed).,2026-09-25
CON-ROUTE-001,Home route `/`,As an operator I open / and get the terminal buddy.,createFileRoute('/') renders <Mininja />. Title from root head is Mininja.,Empty layout if Mininja throws; auth wrapper still mounts.,SUITE-CON-ROUTE-001: route mounts Mininja; head title Mininja; see qa/monorepo-test-cases.csv,Tested,0,high,Apps surface. Old F23.; source-level Phase3 (no Selenium/UI rewrite),2026-09-25
CON-ROUTE-002,Login route `/login`,As an operator I can open /login to sign in when auth is enabled.,"Route renders Sign in. If VITE_AUTH_ENABLED===false shows 'Sign-in is disabled.' Else buttons Continue with {provider.label} calling signIn(providerId, {callbackURL:'/'}).",Auth off; missing providers; popup vs redirect in live preview.,SUITE-CON-ROUTE-002: authEnabled false copy; true renders GROK_PROVIDERS buttons; see qa/monorepo-test-cases.csv,Tested,0,medium,Apps. Old F24. Not linked from home.; source-level Phase3 (no Selenium/UI rewrite),2026-09-25
CON-ROUTE-003,Auth API catch-all `/api/auth/$`,As a client I hit Better Auth handlers under /api/auth/*.,File route createFileRoute('/api/auth/$') delegates to better-auth server handlers.,Unauthenticated; CSRF; preview vs deployed secrets.,SUITE-CON-ROUTE-003: route exists; handler wired to auth export; see qa/monorepo-test-cases.csv,Tested,0,high,APIs. No secrets in tree.; source-level Phase3 (no Selenium/UI rewrite),2026-09-25
CON-ROUTE-004,Document head & share meta,As someone sharing a link I get titled page and theme color.,__root head: utf-8 viewport title Mininja theme-color #0E0F12 favicon.svg IBM Plex Mono; og:image/twitter:image only if VITE_PUBLIC_HOSTNAME set; og:type website (not x:game).,Missing host → no og:image; brand-check may warn for canvas/game apps.,SUITE-CON-ROUTE-004: head fields; og conditional on hostname; see qa/monorepo-test-cases.csv,Tested,0,low,Apps/docs: brand-check still expects og:type x:game for canvas — console is buddy not game. Flag Apps if product wants game card. Old F26.; source-level Phase3 (no Selenium/UI rewrite) · Apps fixed a34f103; Phase5 regress green.,2026-09-25
CON-ROUTE-005,Error recovery screen,As an operator I see a recovery screen if a route throws.,AppErrorComponent shows TriangleAlert + Something went wrong + error.message. Uses zinc light/dark tokens not Hubzz bg/fg.,Empty message fallback copy.,SUITE-CON-ROUTE-005: renders message; Linear-bar token drift noted; see qa/monorepo-test-cases.csv,Tested,0,low,DEFECT-CON-UI-001 style drift (zinc vs Hubzz) — Apps/Linear owns fix; report-only. Old F25.; source-level Phase3 (no Selenium/UI rewrite) · Apps fixed a34f103; Phase5 regress green.,2026-09-25
CON-BOOT-001,Boot sequence,As an operator I see the lockup arrive before commands.,"Boot steps 0–6; beats [700,1100,800,550,450,450]. Step1 banner; step2 blink 150ms; step3 wave+alert; step4+ command list START; step6 idle+prompt. prefers-reduced-motion jumps to boot 6.",Unmount mid-boot; clicks before ready ignored; reduce true skips timers.,SUITE-CON-BOOT-001: reduce→6; full beats; ignore pre-ready run; see qa/monorepo-test-cases.csv,Tested,0,medium,Apps. Old F01. Timers from mininja.tsx.; source-level Phase3 (no Selenium/UI rewrite),2026-09-25
CON-BANNER-001,Habitat banner strip,As an operator I see the seven-stage world strip with props and weather.,Banner renders listStages() world of width worldWidth(); StageSilhouette + Prop per stage; weather class from stage.weather; actor at stageCenter; camera follows. Loads catalogs via registerFromKit from kit/scene.json.,Unknown stage keep-current; reduce teleports; resize updates viewW.,SUITE-CON-BANNER-001: 7 stages painted; props kind/x/y/w/h; camera translate3d; see qa/monorepo-test-cases.csv,Tested,0,critical,Apps habitat UI. Kit SoT via scene.ts. Linear.app quality bar.; source-level Phase3 (no Selenium/UI rewrite),2026-09-25
CON-BANNER-002,Banner locomotion walk/run/patrol,As an operator I see the mark walk/run between stages and patrol when idle.,RAF loop: gap>6 → walk 170 or intensity>=2 run 280 px/s facing toward dest; arrive epsilon 6; idle+ready+no line → patrol ±26 px/s within stage insets 56 / width-90; camera look-ahead ~0.35 viewW. reduce skips RAF and snaps.,Rapid go commands; reduce mid-travel; offline overrides scene.,SUITE-CON-BANNER-002: speeds match kit motion; patrol bounds; reduce snap; see qa/monorepo-test-cases.csv,Tested,0,high,Must stay aligned with kit motion (check-consumers / kit-align).; Open defects→Apps; see qa/defects.csv · Apps fixed a34f103; Phase5 regress green.,2026-09-25
CON-BANNER-003,Banner facing + place sync,As an operator the mark faces left/right correctly while traveling.,faceRef updates from travel direction; setFacing; place updates on arrive to scene.stage. Mascot receives facing for mirrored hood.,Facing flip spam; stage change during travel.,SUITE-CON-BANNER-003: left/right during travel; place label; see qa/monorepo-test-cases.csv,Tested,0,medium,Apps. Facing wins craft is Ports/adapters; console mascot uses local FRAMES.; source-level Phase3 (no Selenium/UI rewrite),2026-09-25
CON-MASCOT-001,Official lockup in banner,As an operator I always see the 5×3 ninja head as the single character.,Mascot/composeLockup renders three lines from scene emotion/action/blink; quiet chrome; tone from emotion. Spec body static eyes mutate.,Unknown emotion/action → curious/wait fallbacks via scene.ts.,SUITE-CON-MASCOT-001: 3 lines; blink swap; tone classes; see qa/monorepo-test-cases.csv,Tested,0,critical,Apps. Old F02. Mascot unnamed — never Casque (kit-align asserts).; source-level Phase3 (no Selenium/UI rewrite),2026-09-25
CON-MASCOT-002,Idle blink,As an operator I see him blink every ~8–14s while ready and online.,After ready && !offline: timeout 8000+random*6000 then blink true 150ms. Boot step2 also blinks once.,Offline stops; unmount clears timers; reduce still blinks after ready.,SUITE-CON-MASCOT-002: interval band; offline stops; cleanup; see qa/monorepo-test-cases.csv,Tested,0,medium,Apps. Old F03. Host timer — not kit constant.; source-level Phase3 (no Selenium/UI rewrite),2026-09-25
CON-CMD-001,Command list (START chips),As an operator I start work from visible commands.,START pairs: now brief todo plan pgeon ralph scene go. Buttons call run(cmd); stopPropagation vs page focus; ignored until ready.,Click during boot; refine badge separate.,SUITE-CON-CMD-001: eight chips; pre-ready noop; see qa/monorepo-test-cases.csv,Tested,0,high,Apps. Old F04 updated — scene/go added; pause removed.; source-level Phase3 (no Selenium/UI rewrite),2026-09-25
CON-CMD-002,Command input,As an operator I type a command and submit with Enter.,Trims input; empty no-ops; logs cmd then after 650ms evaluating→card; clears field; auto-focus after boot; aria-label command.,Whitespace; slash prefix stripped in cardFor; offline gate.,SUITE-CON-CMD-002: trim; empty; slash; focus; see qa/monorepo-test-cases.csv,Tested,0,high,Apps. Old F05.; source-level Phase3 (no Selenium/UI rewrite),2026-09-25
CON-CMD-003,Click-to-focus prompt,As an operator I click the page and the prompt focuses.,Root div onClick focuses inputRef; command buttons stopPropagation.,Click on pickable row still focuses after pick.,SUITE-CON-CMD-003: focus on page click; see qa/monorepo-test-cases.csv,Tested,0,low,Apps. Old F27.; source-level Phase3 (no Selenium/UI rewrite),2026-09-25
CON-CMD-004,help,As an operator I type help and see every command I can run.,cardFor help rows: now todo plan brief api pgeon refine turn save compound qa ralph scene go feel do offline wake clear. Scene curious/wave/dock.,Missing aliases in rows vs accepted verbs.,SUITE-CON-CMD-004: row set matches cardFor verbs; see qa/monorepo-test-cases.csv,Tested,0,low,Apps. Old F11 expanded.; source-level Phase3 (no Selenium/UI rewrite),2026-09-25
CON-CMD-005,now / overview,As an operator I ask now and see live version and saved work.,Fields live=LEDGER.published next=candidate unpublished saved=captures. Scene focused/read/desk.,LEDGER stale vs CHANGELOG; overview alias.,SUITE-CON-CMD-005: fields; overview alias; see qa/monorepo-test-cases.csv,Tested,0,high,Apps. Old F06. LEDGER is fixture copy.; source-level Phase3 (no Selenium/UI rewrite),2026-09-25
CON-CMD-006,todo,As an operator I ask todo and see jobs that need me.,Rows = schedule().map title. Scene worried/read/desk.,Empty schedule; titles not buttons (inspect via name).,SUITE-CON-CMD-006: rows from schedule; see qa/monorepo-test-cases.csv,Tested,0,medium,Apps. Old F07.; source-level Phase3 (no Selenium/UI rewrite),2026-09-25
CON-CMD-007,plan / gantt,As an operator I ask plan and see jobs by dependency.,gantt: schedule(); Gantt component; click bar → findBlocker inspect. Scene focused/point/desk.,Cycle deps; horizon; short aliases gantt.,SUITE-CON-CMD-007: schedule bars; click inspect; see qa/monorepo-test-cases.csv,Tested,0,high,Apps. Old F09.; source-level Phase3 (no Selenium/UI rewrite),2026-09-25
CON-CMD-008,Schedule engine,As an operator the chart orders work by deps.,blockers.schedule: earliest=max(dep.end); critical on longest path; cycles return 0.,Empty list; missing dep skipped.,SUITE-CON-CMD-008: unit blockers.test.ts; see qa/monorepo-test-cases.csv,Tested,0,high,Pure lib. Old F29.; source-level Phase3 (no Selenium/UI rewrite),2026-09-25
CON-CMD-009,Job inspect (blocker),As an operator I name a job or click a bar and read why.,findBlocker by id/title; shows days start ready/waits on; scene determined or worried.,Substring greedy matches.,SUITE-CON-CMD-009: id and title lookup; see qa/monorepo-test-cases.csv,Tested,0,medium,Apps. Old F16.; source-level Phase3 (no Selenium/UI rewrite),2026-09-25
CON-CMD-010,look / service inspect,As an operator I name a machine part and read its job.,SERVICES api/web/postgres; look X or service id/label; default SERVICES[0]; scene curious/scan/archives.,Substring; empty look.,SUITE-CON-CMD-010: findService; look fallback; see qa/monorepo-test-cases.csv,Tested,0,medium,Apps. Old F10/F18.; source-level Phase3 (no Selenium/UI rewrite),2026-09-25
CON-CMD-011,offline / sleep,As an operator I put him to sleep or lose network.,offline|sleep sets offline; scene sleepy/sleep/nightwatch; other cmds refused; navigator.onLine false also.,wake while navigator offline stays offline.,SUITE-CON-CMD-011: sleep gate; navigator sync; see qa/monorepo-test-cases.csv,Tested,0,high,Apps. Old F12. reconnect accepted as wake alias in UI.; source-level Phase3 (no Selenium/UI rewrite),2026-09-25
CON-CMD-012,wake / online / reconnect,As an operator I type wake and he returns if network up.,wake|online|reconnect clears simulated offline unless navigator offline; scene alert/wave/dock.,Actually offline navigator.,SUITE-CON-CMD-012: aliases; navigator gate; see qa/monorepo-test-cases.csv,Tested,0,medium,Apps. Old F13 + reconnect now wired.; source-level Phase3 (no Selenium/UI rewrite),2026-09-25
CON-CMD-013,clear,As an operator I clear the transcript.,cardFor clear → title __clear__; UI empties lines and resets DEFAULT_SCENE. Offline gate blocks before cardFor.,Clear while offline blocked.,SUITE-CON-CMD-013: clears log+scene; see qa/monorepo-test-cases.csv,Tested,0,low,Apps. Old F14.; source-level Phase3 (no Selenium/UI rewrite),2026-09-25
CON-CMD-014,Unknown command,As an operator I type garbage and get an error card.,title Unknown command; bottom Use help.; scene confused/shakeHead/gate.,afterCommand legacy face paths.,SUITE-CON-CMD-014: copy + scene; see qa/monorepo-test-cases.csv,Tested,0,high,Apps. Old F15.; source-level Phase3 (no Selenium/UI rewrite),2026-09-25
CON-SCENE-001,scene catalog command,As an operator I ask scene and see feel/do/go vocab from kit.,"cardFor scene: fields feel/do/go joined catalog ids; rows feel proud / do scan / go archives; bottom AI drives {emotion,action,stage,line}.",Empty catalogs if registerFromKit failed (boot throw).,SUITE-CON-SCENE-001: catalog ids ⊂ kit; SUITE-CON-SCENE-001 source verbs asserted via CON-SCENE-005; see qa/monorepo-test-cases.csv,Tested,0,high,Apps habitat command — was missing from Aug F-register.,2026-09-25
CON-SCENE-002,feel <emotion>,As an operator I set banner emotion from the suite.,No arg → list feel {id}; unknown → Unknown emotion Use scene.; known → apply emotion idle action line=id.,Typos; muted-tone emotions.,SUITE-CON-SCENE-002: list/unknown/apply; SUITE-CON-SCENE-002 source verbs asserted via CON-SCENE-005; see qa/monorepo-test-cases.csv,Tested,0,high,Apps. Kit emotion ids only.,2026-09-25
CON-SCENE-003,do <action>,As an operator I set banner action from the suite.,No arg → list; unknown → Unknown action; known → scene action=arg.,Typos; motion CSS side effects.,SUITE-CON-SCENE-003: list/unknown/apply; SUITE-CON-SCENE-003 source verbs asserted via CON-SCENE-005; see qa/monorepo-test-cases.csv,Tested,0,high,Apps. Kit action ids.,2026-09-25
CON-SCENE-004,go <stage>,As an operator I walk the banner to a place.,No arg → list go {id}; unknown → Unknown place; known → stage+walk+determined + heading line.,Rapid go; archives never in legacyFaceBridge (ok).,SUITE-CON-SCENE-004: list/unknown/walk; SUITE-CON-SCENE-004 source verbs asserted via CON-SCENE-005; see qa/monorepo-test-cases.csv,Tested,0,high,Apps. Kit stage ids. START chip 'go'.,2026-09-25
CON-SCENE-005,registerFromKit / SceneIntent runtime,As Apps I load habitat catalogs from kit and apply intents.,scene.ts imports kit/scene.json; registerFromKit seeds emotions/actions/stages; STAGE_WIDTH===kit; registerEmotion/Action/Stage overlays; applyIntent/sceneFromIntent/LEGACY_INTENT/intentFromCommand/composeLockup; fallbacks curious/wait/keep-current.,Dual STAGE_SEED forbidden (kit-align); Casque forbidden.,SUITE-CON-SCENE-005 (PASS 2026-09-25); see qa/monorepo-test-cases.csv,Tested,0,critical,Consumer of kit — not kit ownership. KIT-DEP-001 sibling.,2026-09-25
CON-SCENE-006,Mood after command (evaluating hold),As an operator I see evaluating then a result face/scene.,run(): evaluatingIntent 650ms then intentFromCommand; holdMs or 1400 confused/worried else 1800 then idle keeping emotion/line.,Unknown→confused; offline path skips.,SUITE-CON-SCENE-006: timing; hold; listening while typing; see qa/monorepo-test-cases.csv,Tested,0,medium,Apps. Old F19 + listeningIntent asking.; source-level Phase3 (no Selenium/UI rewrite),2026-09-25
CON-UI-001,Reduced motion,As an operator who prefers less motion I skip boot wait and snap travel.,matchMedia prefers-reduced-motion:reduce → boot 6; Banner reduce snaps actor/camera; CSS animations host-owned.,Toggle mid-session not live-bound beyond boot effect.,SUITE-CON-UI-001: reduce boot+banner; see qa/monorepo-test-cases.csv,Tested,0,medium,Apps. Old F21.; source-level Phase3 (no Selenium/UI rewrite),2026-09-25
CON-UI-002,Theme tokens,As an operator I see Hubzz dark surfaces and purple accent.,styles.css / @theme: bg #0E0F12 fg mono IBM Plex accent purple family.,Missing @theme breaks utilities.,SUITE-CON-UI-002: token presence; see qa/monorepo-test-cases.csv,Tested,0,critical,Apps/Linear quality bar. Old F22.; source-level Phase3 (no Selenium/UI rewrite),2026-09-25
CON-UI-003,Mobile layout,As an operator on a phone I use the terminal without horizontal scroll.,h-dvh max-w-2xl; gantt stacks; 390px no overflow-x expected.,Day headers under sm.,SUITE-CON-UI-003: 390px smoke; see qa/monorepo-test-cases.csv,Tested,0,medium,Apps/Linear. Old F28.; source-level Phase3 (no Selenium/UI rewrite),2026-09-25
CON-UI-004,Pigeon guest mark,As an operator I see a small ASCII pigeon when pgeon cards carry bird.,Pigeon 2-line mark in hero; pose from lastCard.bird; leaves when no bird; reduce holds frame 0.,Non-pgeon cards clear bird.,SUITE-CON-UI-004: pose mapping; unmount; see qa/monorepo-test-cases.csv,Tested,0,medium,Apps. Old F35. Guest — not the Mininja mark.; source-level Phase3 (no Selenium/UI rewrite),2026-09-25
CON-UI-005,Refine badge,As an operator I see refine in the hero while refine is on.,refineOn() → text-mini text-warn 'refine' top-right.,Toggle off removes.,SUITE-CON-UI-005: badge visibility; see qa/monorepo-test-cases.csv,Tested,0,low,Apps.; source-level Phase3 (no Selenium/UI rewrite),2026-09-25
CON-PLUG-001,Plugin dispatch,As an operator programs are modular and stream-aware.,PROGRAMS=[pgeon refine compound qa turn save ralph brief]; dispatchProgram by head name; card.stream → write().,Unknown program falls through to cardFor builtins.,SUITE-CON-PLUG-001: dispatch order; stream write; see qa/monorepo-test-cases.csv,Tested,0,high,Apps.; source-level Phase3 (no Selenium/UI rewrite),2026-09-25
CON-PLUG-002,pgeon verified answers,As an operator I run pgeon and see votes cannot mint a best.,Verbs: open/best/<qid> ask vote reset. best gates; vote records; ask empty→denied; faces allowed/sandbox/denied; session store.,Unknown verb error; reset restores seed.,SUITE-CON-PLUG-002: best/vote/ask/reset; see qa/monorepo-test-cases.csv,Tested,0,high,Apps. Old F33.; source-level Phase3 (no Selenium/UI rewrite),2026-09-25
CON-PLUG-003,refine toggle,As an operator I turn prompt refinement on/off.,Bare toggles; on/off/reset; hero badge; fitness not verified best.,Unknown verbs error.,SUITE-CON-PLUG-003: on/off/toggle/reset; see qa/monorepo-test-cases.csv,Tested,0,high,Apps. Old F34.; source-level Phase3 (no Selenium/UI rewrite),2026-09-25
CON-PLUG-004,turn fitness pick,As an operator I run one fitness pick only when refine is on.,refine off → denied + ask refine on; on → ranks candidates streams lead prompt; warning face; does not write pgeon ledger.,Empty seed; extra verbs ignored.,SUITE-CON-PLUG-004: gate; stream; see qa/monorepo-test-cases.csv,Tested,0,high,Apps. Old F38.; source-level Phase3 (no Selenium/UI rewrite),2026-09-25
CON-PLUG-005,save stream,As an operator I keep last output for next program.,save keeps peek as sN; list; id inspect; reset clears; empty denied. Session only.,pgeon ask s1 compound path.,SUITE-CON-PLUG-005: keep/list/reset; see qa/monorepo-test-cases.csv,Tested,0,high,Apps. Old F39.; source-level Phase3 (no Selenium/UI rewrite),2026-09-25
CON-PLUG-006,compound sidecar,As an operator I run the sidecar loop without growing another program.,Default sidecar card; reset restores seed; progress/coverage/modules.,Decision terminate → completed face.,SUITE-CON-PLUG-006: sidecar/reset; see qa/monorepo-test-cases.csv,Tested,0,high,Apps. Old F36.; source-level Phase3 (no Selenium/UI rewrite),2026-09-25
CON-PLUG-007,qa register program,As an operator I run qa and read the feature register.,qa/help/discover/tests/run/next → sidecar; defects; Fnn inspect. Reads plugins/qa/features.json + defects.json.,JSON drift vs csv → false coverage.,SUITE-CON-PLUG-007: discover/inspect/defects; see qa/monorepo-test-cases.csv,Tested,0,medium,Apps. Old F37. Risk: register/JSON drift — docs/tests fix preferred.; source-level Phase3 (no Selenium/UI rewrite) · Apps fixed a34f103; Phase5 regress green.,2026-09-25
CON-PLUG-008,ralph loop,As an operator I see ongoing work as gate-verified items.,Public build empty items[]; status counts; inspect id; local .ralph gitignored.,No agent attached.,SUITE-CON-PLUG-008: empty fixture status; see qa/monorepo-test-cases.csv,Tested,0,high,Apps. Old F40.; source-level Phase3 (no Selenium/UI rewrite),2026-09-25
CON-PLUG-009,brief compile,As an operator I read fact/source/open loop as one stream.,compile ledger+saved+plan/ralph remaining; markdown stream; save keeps; does not promote source→fact.,Empty save list.,SUITE-CON-PLUG-009: compile shapes; see qa/monorepo-test-cases.csv,Tested,0,high,Apps. Old F41.; source-level Phase3 (no Selenium/UI rewrite),2026-09-25
CON-AUTH-001,Auth enable/disable & OAuth sign-in,As a deployer I configure federated sign-in via env only.,VITE_AUTH_ENABLED=false disables; else Better Auth + GROK_AUTH_* OAuth; signIn oauth2 or preview popup bearer; SESSION_TOKEN_COOKIE __Host-grok-auth.session_token. No secrets in tree.,Preview secrets; missing DATABASE_URL→pglite; same-site assert.,SUITE-CON-AUTH-001: authConfigured branches; login buttons; see qa/monorepo-test-cases.csv,Tested,0,high,Apps/security. Report-only.; source-level Phase3 (no Selenium/UI rewrite),2026-09-25
CON-AUTH-002,Auth gates & UserButton,As a UI author I gate children on session.,SignedIn/SignedOut/RedirectToSignIn/UserButton in gates.tsx; useCurrentUser.,Pending state flicker.,SUITE-CON-AUTH-002: gate render branches; see qa/monorepo-test-cases.csv,Tested,0,medium,Apps. Home currently ungated.; source-level Phase3 (no Selenium/UI rewrite),2026-09-25
CON-AUTH-003,Auth middleware & isolation,As a server fn author I require user id and same-site.,authMiddleware + requireUserId + assertSameSiteRequest; UnauthorizedError / CrossSiteRequestError.,Bearer vs cookie; top-level GET exempt.,SUITE-CON-AUTH-003: middleware rejects cross-site; see qa/monorepo-test-cases.csv,Tested,0,high,Apps/security.; source-level Phase3 (no Selenium/UI rewrite),2026-09-25
CON-AUTH-004,Email/password local toggle,As a local developer I may enable email/password via flag file.,email-password.ts flag only — not env plugin; documented in server.ts.,Accidental enable in prod.,SUITE-CON-AUTH-004: flag default off; see qa/monorepo-test-cases.csv,Tested,0,low,Apps.; source-level Phase3 (no Selenium/UI rewrite),2026-09-25
CON-AUTH-005,DB migrate & pglite/Postgres,As a deployer I persist auth in Postgres or local pglite.,db.ts + migrations/0001_auth.sql; DATABASE_URL→Postgres else pglite; npm run db:migrate on build.,Migrate fail blocks build.,SUITE-CON-AUTH-005: migrate script; dialect branch; see qa/monorepo-test-cases.csv,Tested,0,medium,Apps.; source-level Phase3 (no Selenium/UI rewrite),2026-09-25
CON-PREV-001,Preview host bridge,As a live-preview host I bridge postMessage auth/token hooks.,PreviewHostBridge installs installPreviewHostBridge in __root; popup token path for preview iframes.,Non-preview no-op; malformed messages ignored.,SUITE-CON-PREV-001: install idempotent; ignore bad msgs; see qa/monorepo-test-cases.csv,Tested,0,medium,Apps/preview infra.; source-level Phase3 (no Selenium/UI rewrite),2026-09-25
CON-MP-001,P2P multiplayer library,As a future host I can open a WebRTC room via P2PRoom.,multiplayer/p2p.ts exports P2PRoom + defaultIceServers; signals offer/answer/ice; expects /api/rtc host. Not wired into Mininja UI routes.,No /api/rtc in console routes yet.,SUITE-CON-MP-001: class constructs; no UI mount assert; see qa/monorepo-test-cases.csv,Tested,0,low,Deferred product — library only. Flag Apps if wiring. Not orphaned: documented export.; source-level Phase3 (no Selenium/UI rewrite),2026-09-25
CON-TOOL-001,kit-align consumer gate,As a maintainer I fail CI/local if console forks kit numbers or names Casque.,"console/scripts/kit-align.mjs asserts STAGE_WIDTH, anchorRatio, registerFromKit, no STAGE_SEED/EMOTION_SEED/ACTION_SEED, no Casque. npm test runs it first.",Console absent N/A (script lives in console).,SUITE-CON-TOOL-001 (PASS 2026-09-25); see qa/monorepo-test-cases.csv,Tested,0,critical,Docs/tests. Sibling of KIT-VAL-001.,2026-09-25
CON-TOOL-002,brand-check / browser-smoke,As a maintainer I gate share-card / browser smoke heuristics.,brand-check.mjs MAX_CARD_BYTES 600KB; og:type x:game detector for canvas apps; browser-guard URL allowlist; browser-smoke.mjs.,Buddy app may not be canvas — warnings vs fails.,SUITE-CON-TOOL-002: unit brand-check.test.mjs; see qa/monorepo-test-cases.csv,Tested,0,low,Apps tooling.,2026-09-25
CON-TOOL-003,console unit + e2e runners,As a maintainer I run console tests.,npm test: kit-align + scripts tests + src lib/plugin tests; npm run test:e2e → qa/e2e.mjs.,Missing playwright/deps.,SUITE-CON-TOOL-003: npm test green subset; see qa/monorepo-test-cases.csv,Tested,0,medium,Apps QA.; source-level Phase3 (no Selenium/UI rewrite),2026-09-25
CON-RET-001,Retired: feature pause,As an operator I do not see a fake feature clock.,pause/freeze unknown.,—,SUITE-CON-RET-001: unknown,Retired,0,low,Old F08.,
CON-RET-002,Retired: loop inspect,As an operator loop table is gone.,No findLoop.,—,SUITE-CON-RET-002: unknown,Retired,0,low,Old F17.,
CON-RET-003,Retired: status verb,As an operator status is not a verb.,Unknown command.,—,SUITE-CON-RET-003: unknown,Retired,0,low,Old F31.,
CON-DEF-001,Deferred: PWA install chrome,As an operator I might install the page.,Public tree ships favicon/og only; install chrome not included.,—,SUITE-CON-DEF-001: no manifest install,Deferred,0,low,Old F32.,2026-09-25
ADP-MARK-001,from-kit linesFor / lockup / mergeMark,As a port author I read kit faces into 3-line lockups with facing-wins.,"mergeMark deep-merges faces; linesFor(face,facing) desired facing wins over mirrored storage; unknown→idle; lockup joins lines.",Eyes-only overlay; loadingLeft+right→canonical body.,SUITE-ADP-MARK-001 (PASS 2026-09-25); see qa/monorepo-test-cases.csv,Tested,0,critical,Ports. KIT-DEP-002/005. Do not invent new exports.,2026-09-25
ADP-MARK-002,lockup.mjs Node convenience,As a CLI host I import lockup without passing kit.,Reads kit/mark.json via node:fs; re-exports listFaces/hasFace/linesFor/lockup/mergeMark/kit.,Browser must not import (fs).,SUITE-ADP-MARK-002: listFaces ⊂ mark.faces; see qa/monorepo-test-cases.csv,Tested,0,high,Ports.,2026-09-25
ADP-ANSI-001,ANSI color lockup,As a terminal host I print tone-colored faces.,ansiLockup/ansiLockupFromKit colorize via moodColorsUiOnly tones; facing passthrough; color=false plain.,Unknown tone→idle ANSI; unknown face→idle lines.,SUITE-ADP-ANSI-001: tones; plain flag; facing; see qa/monorepo-test-cases.csv,Tested,0,high,Ports. UI-only mood — mark fill stays monochrome semantically.,2026-09-25
ADP-REACT-001,React <Mininja> presentational,As a React host I render kit lines in a <pre> with data-* seams.,Props: lines required; face/stage/action/motion/facing/reducedMotion; aria-label 'Mininja mark'; data-face/facing/stage/action/motion/state; no kit load; no motion engine.,Omit empty stage/action/motion from DOM.,SUITE-ADP-REACT-001: DOM attrs; alt text; no fs; see qa/monorepo-test-cases.csv,Tested,0,critical,Ports. Linear-minimal presentational.,2026-09-25
ADP-PRES-001,presenceAttrs + CSS working slots,As a presence host I emit data-motion/state from kit action ids.,presenceAttrs defaults face idle facing right; motion falls back to action; chipCopy/rosterCopy truncate host labels; presence.css keys subset of action ids.,Inventing orbit/searching parallel table = defect→Ports.,SUITE-ADP-PRES-001 (PASS 2026-09-25); see qa/monorepo-test-cases.csv,Tested,0,high,Ports. Recipe-compatible seams.,2026-09-25
ADP-DOC-001,adapters README ladder,As a porter I read adapters/README for Unix filter roles.,adapters/README + per-adapter README narrate mark→faces→scoot→scene; no Casque; point at kit SoT.,Doc inventing constants.,SUITE-ADP-DOC-001: kit pointers; no Casque; see qa/monorepo-test-cases.csv,Tested,0,medium,Docs. Flag Ports if craft drift.,2026-09-25
EX-CLI-001,cli-banner.sh first face,As a stranger I print a face in ~60s.,./examples/cli-banner.sh [face] [--facing] [-p] [--list]; idle printf fallback without Node; moods need Node+ANSI.,Unknown face; no Node.,SUITE-EX-CLI-001 (PASS 2026-09-25); see qa/monorepo-test-cases.csv,Tested,0,high,Porter onboarding.,2026-09-25
EX-BADGE-001,readme-badge.md copy-paste,As a README author I paste the idle lockup.,examples/readme-badge.md ships canonical idle monospace block; mascot unnamed.,Editing badge to name mascot.,SUITE-EX-BADGE-001: 3 lines; no Casque; see qa/monorepo-test-cases.csv,Tested,0,low,Docs surface.,2026-09-25
EX-REMIX-001,remix overlay without console fork,As a porter I overlay faces/speeds via mergeMark.,print-face.mjs + mark-overlay.json + scene-overlay.json; wink eyes-only; --motion compares speeds; --ansi/--facing/--list.,Missing overlay file.,SUITE-EX-REMIX-001: wink derives lines; motion diff; see qa/monorepo-test-cases.csv,Tested,0,high,Ports examples.,2026-09-25
EX-REACT-001,react preview.mjs DOM contract,As a host I see the <pre> contract without React install.,preview.mjs prints attrs for face/stage/action/motion/facing; --list.,Invalid face.,SUITE-EX-REACT-001: attr emission; see qa/monorepo-test-cases.csv,Tested,0,high,Ports examples.,2026-09-25
EX-PRES-001,presence preview slots+chip+roster,As a host I prove working slots + Messaged chip + sidebar roster.,preview.mjs text/html; --list-actions; --peer/--agent/--fg/--row-fg truncation; kit action ids only.,Long names truncate with ellipsis.,SUITE-EX-PRES-001: four regions; list-actions ⊂ kit; see qa/monorepo-test-cases.csv,Tested,0,high,Ports examples. Linear-bar presence chrome.,2026-09-25
EX-DOC-001,examples README ladder,As a stranger I follow examples/README to first face.,Table of paths; Node vs no-Node; presence ladder pointer to PORTING; mascot unnamed.,Broken script paths.,SUITE-EX-DOC-001: scripts executable; no Casque; see qa/monorepo-test-cases.csv,Tested,0,medium,Docs.,2026-09-25
BOT-LAUNCH-001,mininja launcher + local HTTP UI,As a Mac operator I run ./mininja and open the launcher UI.,./mininja starts server.py on 127.0.0.1:8787 (or next free); serves static/index.html; IBM Plex Mono local fonts. Deferred product call whether UI stays beside console — keep UI.,Port busy; no display.,SUITE-BOT-LAUNCH-001: health endpoint; index 200; see qa/monorepo-test-cases.csv,Tested,0,high,Apps. Optional Mac launcher.,2026-09-25
BOT-CLI-001,CLI cmd/tint/check/install-app,As an operator I run one-shot CLI.,./mininja cmd <program> → JSON card; tint <name> → #rrggbb; check → ALL GATES PASS; scripts/install-app.sh optional .app.,Unknown cmd; missing grok binary.,SUITE-BOT-CLI-001: cmd now; tint stable; check gates; see qa/monorepo-test-cases.csv,Tested,0,high,Apps.,2026-09-25
BOT-API-001,REST/SSE API surface,As the static UI I talk to local APIs.,GET /api/state /api/health /api/events(SSE) /api/console; POST /api/cmd /api/bots /api/bots/:id/tasks /api/bots/:id/stop; PATCH/DELETE /api/bots/:id.,404 unknown; task fail 400.,SUITE-BOT-API-001: health shape; cmd now; CRUD bot; see qa/monorepo-test-cases.csv,Tested,0,critical,Apps.,2026-09-25
BOT-UI-001,Teammate sidebar + console mode,As an operator I pick console or a named teammate.,static UI: bots list + console pseudo-bot; new bot form; tint; messages log; one-mouth composer with @-mention autocomplete; grove/habitat chrome; ⌘N; rally-all + stop·pull.,Empty bots; long names; unknown @token.,SUITE-BOT-UI-001: select console; create bot; parseMention/@all; Linear-bar density; see qa/monorepo-test-cases.csv,Tested,0,high,Apps/Linear. P0 @mention+rally on feat/monorepo-public. Report UI defects → Apps.,2026-09-26
BOT-UI-002,Grove / habitat chrome in bot UI,As an operator I see place navigation chrome in the launcher.,paintGrove/goPlace/paintTree/setMascot in index.html; stages as host chrome mirroring habitat metaphor.,Unknown place.,SUITE-BOT-UI-002: goPlace updates; mascot states; see qa/monorepo-test-cases.csv,Tested,0,medium,Apps. Must not fork kit constants — compare to kit stage ids. · Apps fixed a34f103; Phase5 regress green.,2026-09-25
BOT-ENG-001,Python console program engine,As the bot CLI/UI I run the same program set as cards.,engine.py programs: now todo plan brief look pgeon refine turn save compound qa ralph help offline wake clear; schedule/blockers; stream keep.,State file corruption.,SUITE-BOT-ENG-001: cmd-smoke programs; see qa/monorepo-test-cases.csv,Tested,0,high,Apps. Parity with console plugins — drift = defect report. · Apps fixed a34f103; Phase5 regress green.,2026-09-25
BOT-TEAM-001,Teammates local/remote/codex,As an operator I create a teammate on a computer I choose.,computer local|remote|codex; remote opt-in via MININJA_CLOUD_HOST + related env; no secrets hardcoded; state in ~/Library/Application Support/MininjaBot or MININJA_DATA.,Remote unset; codex missing.,SUITE-BOT-TEAM-001: local create; remote refused without env; see qa/monorepo-test-cases.csv,Tested,0,high,Apps.,2026-09-25
BOT-TEAM-002,Task run + stop + SSE events,As an operator I start/stop teammate tasks and watch events.,start_task builds grok/cloud/codex cmd; ingest_event; finish_run; SSE broadcast; stop_bot; retarget_task; rally_all; MAX_PARALLEL=4 refuse silent double-assign unless retarget.,Process crash; queue full; already working; rally skips busy pals.,SUITE-BOT-TEAM-002: start/stop/retarget/rally; SSE hello+ping; see qa/monorepo-test-cases.csv,Tested,0,high,Apps. P0 rally/retarget APIs.,2026-09-26
BOT-SEED-001,Seed pages catalog,As an operator seed scripts catalog public docs.,seed/pages.txt + scripts/seed.py/seed-diff; snapshots not vendored.,Missing pages.,SUITE-BOT-SEED-001: pages.txt parse; see qa/monorepo-test-cases.csv,Tested,0,low,Apps tooling.,2026-09-25
SCR-SIM-001,sim-grid-habitat lock,As a maintainer I lock geometry/motion/garden numbers.,scripts/sim-grid-habitat.py writes sim-grid-habitat-report.json; cross-checks kit.,Doc inventing numbers.,SUITE-SCR-SIM-001: report matches kit geometry/motion; see qa/monorepo-test-cases.csv,Tested,0,high,Kit-facing validation.,2026-09-25
CI-KIT-001,GitHub Actions kit-qa,As a maintainer PRs run check-consumers + kit qa tests.,.github/workflows/kit-qa.yml Node 22; push+PR; no app install matrix.,Deleted workflow.,SUITE-CI-KIT-001: workflow steps present; see qa/monorepo-test-cases.csv,Tested,0,high,Same as KIT-VAL-003.,2026-09-25
DOC-README-001,Root README product entry,As a stranger I understand Mininja mark + ports ladder from README.,README shows lockup; points kit/adapters/examples/console; mascot unnamed; no Casque; no mp4 embed on tip.,Invented constants.,SUITE-DOC-README-001 (PASS 2026-09-25); see qa/monorepo-test-cases.csv,Tested,0,high,Brand surface.,2026-09-25
DOC-BRAND-001,BRAND + BRAND-RULES positioning,As a brand reproducer I follow Apple-of-Terminal-Buddies rules.,BRAND.md positioning; BRAND-RULES clearspace/min-size/mood UI-only; unnamed mascot; kit pointers.,Parallel number tables.,SUITE-DOC-BRAND (Casque-negation PASS 2026-09-25); see qa/monorepo-test-cases.csv,Tested,0,high,Docs.,2026-09-25
DOC-PORT-001,PORTING mental model,As a porter I follow mark→faces→scoot→scene + presence seams.,PORTING.md ladder; facing-wins; adapters map; presence roster; recipes later plate kept in graph.,Claiming scene required for first face.,SUITE-DOC-PORT-001 (PASS 2026-09-25); see qa/monorepo-test-cases.csv,Tested,0,high,Docs/Ports.,2026-09-25
DOC-GRAPH-001,System graph mark↔habitat↔garden↔recipes,As a maintainer the standing graph stays connected.,GARDEN growth overlay; SCENERY habitat chrome; RECIPES later plate vocabulary seams; TERMINAL-MOTION; STYLEGUIDE; CONSTRUCTION; TRADEMARK; HABITAT-PORT; CHANGELOG — all narrate kit SoT; recipes not orphaned.,Orphaning recipe seams; dual STAGE_SEED claims.,SUITE-DOC-GRAPH-001 (PASS 2026-09-25); see qa/monorepo-test-cases.csv,Tested,0,critical,Standing CoS graph.,2026-09-25
DOC-ASSETS-001,Brand visual assets,As a designer I use assets/visuals sheets.,expression-sheet construction clearspace minimum-size monochrome-vs-mood stage-strip terminal-motion donts (+png/svg); console-scenery-banner.jpg.,Assets contradicting kit numbers.,SUITE-DOC-ASSETS-001: files exist; spot-check vs kit; see qa/monorepo-test-cases.csv,Tested,0,medium,Brand.,2026-09-25
KIT-VAL-004,check-consumers look-ahead closed-set,As a maintainer I need the consumer gate to reject any banner viewW*<n> look-ahead outside kit cameraLookAheadRight/Left.,check-consumers collects every viewW*<n> literal in banner.tsx; each must be kit cameraLookAheadRight or Left; missing either kit ratio fails.,Legacy 0.35 dual; only one of Right/Left present; no viewW* literals.,TC-KIT-VAL-004a; TC-KIT-VAL-004b; SUITE-PHASE6,Tested,0,high,Phase 6 rediscovery. Strengthens KIT-VAL-001. Tip a34f103 + QA gate.,2026-09-25
CON-TOOL-004,brand-check buddy website guidance,As a buddy console author I am not pushed from og:type=website to x:game.,brand-check documents buddy/DOM → website; x:game warn only when hasCanvas && !rootDeclaresOgTypeGame; console __root uses website.,Canvas game missing x:game still warns; website root with canvas keeps buddy exemption path via no-canvas buddy.,TC-CON-TOOL-004a; SUITE-PHASE6; brand-check.test.mjs,Tested,0,medium,Phase 6 rediscovery. Apps closed DEFECT-CON-DOC-001 on a34f103.,2026-09-25
CON-BANNER-004,reduce-motion camera snap kit look-aheads,As an operator with prefers-reduced-motion I still get kit-aligned camera framing.,banner reduce-motion path uses facing === right ? cameraLookAheadRight : cameraLookAheadLeft; no legacy 0.35.,facing left vs right; view resize while reduced.,TC-CON-BANNER-004a; SUITE-PHASE6; SUITE-CON-SCENE banner,Tested,0,medium,Phase 6 rediscovery. Apps closed DEFECT-CON-BANNER-002 on a34f103.,2026-09-25
DOC-TM-001,TRADEMARK.md common-law notice,"As a brand user I know owner, ™-not-®, and that the mascot has no name.",TRADEMARK.md: Thingscorp LLC owner; mascot unnamed; ™ allowed; ® forbidden; never Casque.,Inventing registration; naming the mascot Casque.,TC-DOC-TM-001a; SUITE-PHASE6,Tested,0,medium,Phase 6 rediscovery. Was only lumped under DOC-GRAPH-001.,2026-09-25
DOC-CHANGE-001,CHANGELOG kit version narration,As a maintainer I read kit versions from CHANGELOG without dual-table inventions.,CHANGELOG narrates 1.6.0+ and points at kit/mark.json + kit/scene.json; no STAGE_SEED dual table.,Changelog inventing geometry numbers.,TC-DOC-CHANGE-001a; SUITE-PHASE6,Tested,0,low,Phase 6 rediscovery.,2026-09-25
DOC-STYLE-001,STYLEGUIDE unbridged habitat emotions,"As a host I know alert/relieved/sad/startled are intentional habitat expansion, not orphans.",STYLEGUIDE lists the four unbridged emotions; each exists in kit emotions[]; 15-face legacyFaceBridge remains compact.,Inventing a fifth unbridged id; deleting bridge rows to 'fix' coverage.,TC-DOC-STYLE-001a; SUITE-PHASE6,Tested,0,medium,Phase 6 rediscovery. Deepens KIT-SCENE-007 notes.,2026-09-25
BOT-SHELL-001,Bot SHELL extends COMMANDS,As a bot operator extended shell verbs build on the COMMANDS list without forking habitat ids.,engine.py SHELL = COMMANDS + [...]; help rows use COMMANDS; habitat scene/feel/do/go live in COMMANDS after Apps fix.,SHELL omitting COMMANDS base; inventing stage ids in SHELL.,TC-BOT-SHELL-001a; SUITE-PHASE6,Tested,0,medium,Phase 6 rediscovery. Apps owns bot craft; structural assert only.,2026-09-25
ADP-MARK-003,Adapter facing-always-wins,As a porter I pass desired facing and mirrored storage cannot override it.,adapters/mark from-kit linesFor: facing always wins; mirrorFacing/unmirrorFacing as needed; README documents contract.,loadingLeft stored mirrored requested right; eyes-only patches.,TC-ADP-MARK-003a; SUITE-PHASE6,Tested,0,high,Phase 6 rediscovery. Executable complement to KIT-DEP-005.,2026-09-25
